{
    "theta0": 8008.318639956921,
    "theta1": -4656.271554968078
}